sentence_id	token	tag	correct(y/n)	corrected_tag(if n)
0	ತನ್ನ	PRON		
0	ಗರ್ಭದ	NOUN		
0	ನೂಲ	NOUN		
0	ತೆಗೆದು	VERB		
0	ವಿನೊದಿಸಿದಂತ್ಯದಲ್ಲಿ	NOUN		
0	ತನ್ನೊಳಗಡಗಿಸಿಕೊಂಬ	VERB		
0	ಕೀಟಕದಂತೆ	NOUN		
0	ಜಗತ್ತಿನ	NOUN		
0	ಲಯಗಮನಂಗಳ	NOUN		
0	ಲೀಲಾಸ್ವತಂತ್ರಗುಣವನುಳ್ಳುದು	ADJ		
0	ಮಹಾಘನಲಿಂಗವೆಂಬುದೀ	NOUN		
0	ವಚನದಭಿಪ್ರಾಯ	NOUN		
0	.	PUNCT		
1	ಹೆಣ್ಣನ್ನು	NOUN		
1	ಮುಟ್ಟದೆ	VERB		
1	,	PUNCT		
1	ಬ್ರಹ್ಮಚಾರ್ಯ	NOUN		
1	ಪರಿಪಾಲನೆ	NOUN		
1	ಮಾಡಿಕೊಂಡಿರುವ	VERB		
1	ಧರ್ಮವೇ	NOUN		
1	ಅತ್ಯುತ್ಕೃಷ್ಟವಾದುದು	ADJ		
1	.	PUNCT		
1	ತಡೆಯಲಾರದೆ	VERB		
1	ಹೆಣ್ಣನ್ನು	NOUN		
1	ಮುಟ್ಟಲೇಬೇಕೆಂಬ	VERB		
1	ಬಯಕೆ	NOUN		
1	ಹೆಚ್ಚಾದರೆ	VERB		
1	ನಿನ್ನ	PRON		
1	ಹೆಂಡತಿಯನ್ನು	NOUN		
1	ಮಾತ್ರ	PART		
1	ಮುಟ್ಟು	VERB		
1	,	PUNCT		
1	ಆದರೆ	CCONJ		
1	ಬೇರೆಯವರ	PRON		
1	ಗರತಿಯರನ್ನು	NOUN		
1	ಮಾತ್ರ	PART		
1	ಮುಟ್ಟಲು	VERB		
1	ಅಂದರೆ	CCONJ		
1	ಕಾಮ	NOUN		
1	ಪ್ರಚೋದನೆಗೆ	NOUN		
1	ಒಳಗಾಗಲು	VERB		
1	ಎಂದೂ	ADV		
1	ಯತ್ನಿಸಬೇಡಾ	VERB		
1	.	PUNCT		
2	ಅಮರವೆಂದರೆ	ADJ		
2	ನಿತ್ಯಪದವಿ	NOUN		
2	.	PUNCT		
2	ಆ	DET		
2	ನಿತ್ಯಪದವಿಯಯನ್ನು	NOUN		
2	ಅರಿತು	VERB		
2	ಪರಮಾಮೃತವನ್ನು	NOUN		
2	ಉಣ್ಣಲು	VERB		
2	ಅರಿಯದೆ	VERB		
2	-	PUNCT		
2	ಅಜ್ಞಾನದಿಂದ	NOUN		
2	ಬಂಡುಹೋಗಿದ್ದರು	VERB		
2	.	PUNCT		
3	ಉಪಾಧಿಯಿಂದುಪತಾಪಂಬಡದೆ	VERB		
3	ನಿರುಪಾಧಿಕ	ADJ		
3	ದಾಸೋಹವೆ	NOUN		
3	ನಿತ್ಯವೆಂಬ	ADJ		
3	ಬಯಕೆಯಲ್ಲಿರ್ದ	VERB		
3	ಸದ್ಭಕ್ತನೆಂಬುದೀ	NOUN		
3	ವಚನಾರ್ಥ	NOUN		
3	.	PUNCT		
4	ನೀರಿನಲ್ಲಿ	NOUN		
4	ಮೀಯುವ	VERB		
4	ಬ್ರಾಹ್ಮಣ	NOUN		
4	ಸ್ವರ್ಗಕ್ಕೆ	NOUN		
4	ಹೋಗುವಂತಿದ್ದರೆ	VERB		
4	ಯಾವಾಗಲೂ	ADV		
4	ನೀರಿನಲ್ಲಿಯೇ	NOUN		
4	ಮುಳುಗಿರುವ	VERB		
4	ಮೀನು	NOUN		
4	-	PUNCT		
4	ಕಪ್ಪೆಗಳು	NOUN		
4	ಸ್ವರ್ಗಕ್ಕೇಕೆ	ADV		
4	ಹೋಗಬಾರದು	VERB		
4	.	PUNCT		
4	ಭಕ್ತಿ	NOUN		
4	-	PUNCT		
4	ಶ್ರದ್ದೆಯಿಲ್ಲದ	ADJ		
4	ಆಚರಣೆಯಿಂದ	NOUN		
4	ಪ್ರಯೋಜನವಿಲ್ಲ	NOUN		
5	ಮಾತಿನಲ್ಲಿ	NOUN		
5	,	PUNCT		
5	ನಡತೆಯಲ್ಲಿ	NOUN		
5	ಎಲ್ಲರೂ	PRON		
5	ಶುದ್ಧರು	ADJ		
5	,	PUNCT		
5	ವೀರರು	NOUN		
5	ಮತ್ತು	CCONJ		
5	ಸಾಧುಗಳಂತೆ	NOUN		
5	ತೋರುತ್ತಾರೆ	VERB		
5	.	PUNCT		
5	ಅದೇ	PRON		
5	ಸುಂದರವಾದ	ADJ		
5	ಹೆಣ್ಣಿನ	NOUN		
5	ಎದೆ	NOUN		
5	ಸೋಕಿದ್ದೇ	VERB		
5	ಆದರೆ	CCONJ		
5	ಅವರು	PRON		
5	ಅಚಲರಾಗಿರುವರೇ	VERB		
5	?	PUNCT		
